z,rate
0.0,8.362801621886674e-05
0.001,8.363758441463943e-05
0.002,8.364822121589678e-05
0.003,8.365992493419241e-05
0.004,8.367269388197019e-05
0.005,8.368652637256421e-05
0.006,8.370142072019878e-05
0.007,8.371737523998841e-05
0.008,8.373438824793782e-05
0.009000000000000001,8.375245806094198e-05
0.01,8.377158299678605e-05
0.011,8.379176137414544e-05
0.012,8.38129915125857e-05
0.013000000000000001,8.38352717325627e-05
0.014,8.385860035542246e-05
0.015,8.388297570340123e-05
0.016,8.39083960996255e-05
0.017,8.393485986811192e-05
0.018000000000000002,8.396236533376744e-05
0.019,8.399091082238915e-05
0.02,8.40204946606644e-05
0.021,8.405111517617076e-05
0.022,8.4082770697376e-05
0.023,8.411545955363808e-05
0.024,8.414918007520525e-05
0.025,8.418393059321592e-05
0.026000000000000002,8.421970943969873e-05
0.027,8.425651494757254e-05
0.028,8.429434545064643e-05
0.029,8.43331992836197e-05
0.03,8.437307478208184e-05
0.031,8.44139702825126e-05
0.032,8.445588412228191e-05
0.033,8.449881463964994e-05
0.034,8.454276017376708e-05
0.035,8.458771906467392e-05
0.036000000000000004,8.463368965330125e-05
0.037,8.468067028147013e-05
0.038,8.47286592918918e-05
0.039,8.477765502816772e-05
0.04,8.482765583478959e-05
0.041,8.487866005713927e-05
0.042,8.493066604148892e-05
0.043000000000000003,8.498367213500085e-05
0.044,8.503767668572761e-05
0.045,8.509267804261198e-05
0.046,8.514867455548695e-05
0.047,8.52056645750757e-05
0.048,8.526364645299167e-05
0.049,8.532261854173847e-05
0.05,8.538257919470998e-05
0.051000000000000004,8.544352676619025e-05
0.052000000000000005,8.550545961135359e-05
0.053,8.55683760862645e-05
0.054,8.563227454787767e-05
0.055,8.569715335403808e-05
0.056,8.576301086348086e-05
0.057,8.58298454358314e-05
0.058,8.589765543160529e-05
0.059000000000000004,8.596643921220832e-05
0.06,8.603619513993653e-05
0.061,8.610692157797616e-05
0.062,8.617861689040366e-05
0.063,8.62512794421857e-05
0.064,8.63249075991792e-05
0.065,8.639949972813124e-05
0.066,8.647505419667918e-05
0.067,8.655156937335053e-05
0.068,8.662904362756308e-05
0.069,8.670747532962479e-05
0.07,8.678686285073386e-05
0.07100000000000001,8.68672045629787e-05
0.07200000000000001,8.694849883933796e-05
0.073,8.703074405368046e-05
0.074,8.711393858076528e-05
0.075,8.719808079624169e-05
0.076,8.728316907664919e-05
0.077,8.73692017994175e-05
0.078,8.745617734286657e-05
0.079,8.754409408620653e-05
0.08,8.763295040953774e-05
0.081,8.77227446938508e-05
0.082,8.78134753210265e-05
0.083,8.790514067383587e-05
0.084,8.799773913594012e-05
0.085,8.809126909189073e-05
0.08600000000000001,8.818572892712936e-05
0.08700000000000001,8.82811170279879e-05
0.088,8.837743178168844e-05
0.089,8.847467157634333e-05
0.09,8.857283480095508e-05
0.091,8.867191984541645e-05
0.092,8.877192510051042e-05
0.093,8.887284895791017e-05
0.094,8.897468981017912e-05
0.095,8.907744605077088e-05
0.096,8.91811160740293e-05
0.097,8.928569827518841e-05
0.098,8.939119105037254e-05
0.099,8.949759279659614e-05
0.1,8.960490191176392e-05
0.101,8.971311679467083e-05
0.10200000000000001,8.982223584500198e-05
0.10300000000000001,8.993225746333276e-05
0.10400000000000001,9.004318005112874e-05
0.105,9.015500201074572e-05
0.106,9.026772174542969e-05
0.107,9.03813376593169e-05
0.108,9.049584815743378e-05
0.109,9.061125164569701e-05
0.11,9.072754653091346e-05
0.111,9.084473122078023e-05
0.112,9.096280412388463e-05
0.113,9.108176364970419e-05
0.114,9.120160820860667e-05
0.115,9.132233621185003e-05
0.116,9.144394607158244e-05
0.117,9.156643620084233e-05
0.11800000000000001,9.168980501355829e-05
0.11900000000000001,9.181405092454918e-05
0.12,9.1939172349524e-05
0.121,9.206516770508209e-05
0.122,9.219203540871288e-05
0.123,9.23197738787961e-05
0.124,9.244838153460165e-05
0.125,9.25778567962897e-05
0.126,9.270819808491056e-05
0.127,9.283940382240483e-05
0.128,9.297147243160329e-05
0.129,9.310440233622697e-05
0.13,9.323819196088705e-05
0.131,9.337283973108499e-05
0.132,9.350834407321245e-05
0.133,9.36447034145513e-05
0.134,9.378191618327363e-05
0.135,9.391998080844175e-05
0.136,9.405889572000819e-05
0.137,9.419865934881568e-05
0.138,9.433927012659718e-05
0.139,9.448072648597589e-05
0.14,9.462302686046518e-05
0.14100000000000001,9.476616968446866e-05
0.14200000000000002,9.491015339328017e-05
0.14300000000000002,9.505497642308375e-05
0.14400000000000002,9.520063721095365e-05
0.145,9.534713419485437e-05
0.146,9.54944658136406e-05
0.147,9.564263050705725e-05
0.148,9.579162671573945e-05
0.149,9.594145288121256e-05
0.15,9.609210744589212e-05
0.151,9.624358885308394e-05
0.152,9.6395895546984e-05
0.153,9.65490259726785e-05
0.154,9.670297857614392e-05
0.155,9.685775180424688e-05
0.156,9.701334410474425e-05
0.157,9.716975392628312e-05
0.158,9.732697971840078e-05
0.159,9.748501993152475e-05
0.16,9.764387301697279e-05
0.161,9.780353742695283e-05
0.162,9.796401161456304e-05
0.163,9.812529403379182e-05
0.164,9.828738313951777e-05
0.165,9.845027738750971e-05
0.166,9.861397523442667e-05
0.167,9.877847513781792e-05
0.168,9.894377555612292e-05
0.169,9.910987494867138e-05
0.17,9.927677177568319e-05
0.171,9.944446449826847e-05
0.17200000000000001,9.961295157842757e-05
0.17300000000000001,9.978223147905106e-05
0.17400000000000002,9.995230266391969e-05
0.17500000000000002,0.00010012316359770447
0.176,0.0001002948127459666
0.177,0.0001004672485751575
0.178,0.00010064046955261885
0.179,0.00010081447414658247
0.18,0.00010098926082617047
0.181,0.00010116482806139514
0.182,0.00010134117432315895
0.183,0.00010151829808325468
0.184,0.00010169619781436527
0.185,0.00010187487199006386
0.186,0.00010205431908481385
0.187,0.00010223453757396883
0.188,0.00010241552593377262
0.189,0.00010259728264135924
0.19,0.00010277980617475296
0.191,0.00010296309501286823
0.192,0.00010314714763550974
0.193,0.00010333196252337238
0.194,0.00010351753815804129
0.195,0.00010370387302199178
0.196,0.00010389096559858943
0.197,0.00010407881437208999
0.198,0.00010426741782763944
0.199,0.00010445677445127399
0.2,0.00010464688272992007
0.201,0.00010483774115139431
0.202,0.00010502934820440357
0.203,0.00010522170237854491
0.20400000000000001,0.00010541480216430563
0.20500000000000002,0.00010560864605306324
0.20600000000000002,0.00010580323253708544
0.20700000000000002,0.00010599856010953019
0.20800000000000002,0.00010619462726444565
0.209,0.00010639143249677017
0.21,0.00010658897430233238
0.211,0.00010678725117785107
0.212,0.00010698626162093525
0.213,0.00010718600413008419
0.214,0.00010738647720468732
0.215,0.00010758767934502435
0.216,0.00010778960905226516
0.217,0.00010799226482846984
0.218,0.00010819564517658877
0.219,0.00010839974860046244
0.22,0.00010860457360482163
0.221,0.00010881011869528733
0.222,0.00010901638237837075
0.223,0.00010922336316147329
0.224,0.00010943105955288656
0.225,0.00010963947006179244
0.226,0.00010984859319826298
0.227,0.00011005842747326045
0.228,0.00011026897139863739
0.229,0.00011048022348713647
0.23,0.00011069218225239066
0.231,0.00011090484620892309
0.232,0.00011111821387214714
0.233,0.00011133228375836638
0.234,0.00011154705438477463
0.23500000000000001,0.00011176252426945591
0.23600000000000002,0.00011197869193138444
0.23700000000000002,0.00011219555589042467
0.23800000000000002,0.0001124131146673313
0.23900000000000002,0.00011263136678374919
0.24,0.00011285031076221345
0.241,0.00011306994512614942
0.242,0.00011329026839987263
0.243,0.00011351127910858883
0.244,0.000113732975778394
0.245,0.00011395535693627432
0.246,0.00011417842111010621
0.247,0.00011440216682865628
0.248,0.00011462659262158139
0.249,0.0001148516970194286
0.25,0.00011507747855363516
0.251,0.00011530393575652861
0.252,0.00011553106716132659
0.253,0.0001157588713021371
0.254,0.00011598734671395824
0.255,0.00011621649193267839
0.256,0.00011644630549507612
0.257,0.00011667678593882023
0.258,0.00011690793180246973
0.259,0.00011713974162547386
0.26,0.00011737221394817206
0.261,0.000117605347311794
0.262,0.00011783914025845953
0.263,0.0001180735913311788
0.264,0.0001183086990738521
0.265,0.00011854446203126996
0.266,0.00011878087874911313
0.267,0.00011901794777395257
0.268,0.0001192556676532495
0.269,0.00011949403693535528
0.27,0.00011973305416951156
0.271,0.00011997271790585013
0.272,0.0001202130266953931
0.273,0.0001204539790900527
0.274,0.00012069557364263143
0.275,0.000120937808906822
0.276,0.00012118068343720733
0.277,0.00012142419578926053
0.278,0.000121668344519345
0.279,0.00012191312818471428
0.28,0.0001221585453435122
0.281,0.00012240459455477269
0.28200000000000003,0.00012265127437842004
0.28300000000000003,0.0001228985833752687
0.28400000000000003,0.00012314652010702324
0.28500000000000003,0.00012339508313627864
0.28600000000000003,0.00012364427102651992
0.28700000000000003,0.00012389408234212245
0.28800000000000003,0.0001241445156483517
0.289,0.00012439556951136343
0.29,0.00012464724249820362
0.291,0.00012489953317680843
0.292,0.00012515244011600428
0.293,0.00012540596188550775
0.294,0.00012566009705592567
0.295,0.00012591484419875512
0.296,0.00012617020188638334
0.297,0.0001264261686920878
0.298,0.0001266827431900362
0.299,0.00012693992395528648
0.3,0.00012719770956378675
0.301,0.0001274560985923754
0.302,0.0001277150896187809
0.303,0.00012797468122162213
0.304,0.00012823487198040804
0.305,0.00012849566047553788
0.306,0.00012875704528830106
0.307,0.00012901902500087723
0.308,0.00012928159819633627
0.309,0.00012954476345863826
0.31,0.00012980851937263352
0.311,0.00013007286452406254
0.312,0.0001303377974995561
0.313,0.0001306033168866351
0.314,0.00013086942127371075
0.315,0.00013113610925008442
0.316,0.00013140337940594773
0.317,0.0001316712303323825
0.318,0.00013193966062136075
0.319,0.00013220866886574478
0.32,0.00013247825365928702
0.321,0.00013274841359663017
0.322,0.00013301914727330716
0.323,0.0001332904532857411
0.324,0.00013356233023124534
0.325,0.00013383477670802344
0.326,0.00013410779131516916
0.327,0.00013438137265266652
0.328,0.00013465551932138967
0.329,0.00013493022992310314
0.33,0.0001352055030604615
0.331,0.00013548133733700963
0.332,0.00013575773135718263
0.333,0.00013603468372630576
0.334,0.00013631219305059456
0.335,0.00013659025793715473
0.336,0.00013686887699398227
0.337,0.00013714804882996332
0.338,0.0001374277720548742
0.339,0.00013770804527938165
0.34,0.00013798886711504233
0.341,0.0001382702361743034
0.342,0.00013855215107050204
0.343,0.00013883461041786576
0.34400000000000003,0.0001391176128315122
0.34500000000000003,0.00013940115692744927
0.34600000000000003,0.0001396852413225751
0.34700000000000003,0.00013996986463467808
0.34800000000000003,0.00014025502548243665
0.34900000000000003,0.00014054072248541967
0.35000000000000003,0.0001408269542640861
0.35100000000000003,0.00014111371943978515
0.352,0.00014140101663475622
0.353,0.00014168884447212897
0.354,0.00014197720157592324
0.355,0.00014226608657104913
0.356,0.0001425554980833069
0.357,0.0001428454347393871
0.358,0.00014313589516687042
0.359,0.0001434268779942278
0.36,0.0001437183818508204
0.361,0.0001440104053668996
0.362,0.00014430294717360703
0.363,0.00014459600590297443
0.364,0.00014488958018792387
0.365,0.0001451836686622676
0.366,0.00014547826996070802
0.367,0.00014577338271883793
0.368,0.0001460690055731401
0.369,0.0001463651371609877
0.37,0.00014666177612064407
0.371,0.00014695892109126274
0.372,0.00014725657071288747
0.373,0.00014755472362645226
0.374,0.00014785337847378127
0.375,0.00014815253389758898
0.376,0.00014845218854147994
0.377,0.00014875234104994907
0.378,0.0001490529900683814
0.379,0.00014935413424305223
0.38,0.00014965577222112705
0.381,0.0001499579026506616
0.382,0.00015026052418060174
0.383,0.00015056363546078375
0.384,0.0001508672351419339
0.385,0.00015117132187566883
0.386,0.00015147589431449527
0.387,0.0001517809511118103
0.388,0.00015208649092190117
0.389,0.00015239251239994534
0.39,0.0001526990142020104
0.391,0.0001530059949850543
0.392,0.0001533134534069252
0.393,0.00015362138812636132
0.394,0.00015392979780299126
0.395,0.00015423868109733376
0.396,0.00015454803667079776
0.397,0.00015485786318568254
0.398,0.00015516815930517744
0.399,0.0001554789236933621
0.4,0.00015579015501520637
0.401,0.0001561018519365703
0.402,0.0001564140131242042
0.403,0.0001567266372457485
0.404,0.00015703972296973403
0.405,0.00015735326896558157
0.406,0.00015766727390360236
0.40700000000000003,0.00015798173645499775
0.40800000000000003,0.00015829665529185929
0.40900000000000003,0.0001586120290871688
0.41000000000000003,0.0001589278565147983
0.41100000000000003,0.00015924413624951
0.41200000000000003,0.0001595608669669564
0.41300000000000003,0.0001598780473436801
0.41400000000000003,0.000160195676057114
0.41500000000000004,0.0001605137517855812
0.41600000000000004,0.00016083227320829507
0.417,0.00016115123900535907
0.418,0.00016147064785776698
0.419,0.0001617904984474028
0.42,0.00016211078945704068
0.421,0.00016243151957034502
0.422,0.00016275268747187045
0.423,0.0001630742918470618
0.424,0.00016339633138225416
0.425,0.00016371880476467274
0.426,0.00016404171068243307
0.427,0.00016436504782454085
0.428,0.000164688814880892
0.429,0.00016501301054227266
0.43,0.00016533763350035915
0.431,0.00016566268244771814
0.432,0.0001659881560778063
0.433,0.00016631405308497073
0.434,0.00016664037216444858
0.435,0.0001669671120123674
0.436,0.0001672942713257447
0.437,0.0001676218488024885
0.438,0.00016794984314139684
0.439,0.00016827825304215798
0.44,0.00016860707720535055
0.441,0.00016893631433244317
0.442,0.00016926596312579492
0.443,0.0001695960222886549
0.444,0.00016992649052516255
0.445,0.00017025736654034744
0.446,0.00017058864904012948
0.447,0.0001709203367313186
0.448,0.00017125242832161517
0.449,0.00017158492251960966
0.45,0.0001719178180347827
0.451,0.00017225111357750523
0.452,0.00017258480785903844
0.453,0.00017291889959153363
0.454,0.00017325338748803236
0.455,0.00017358827026246645
0.456,0.00017392354662965786
0.457,0.0001742592153053189
0.458,0.00017459527500605188
0.459,0.0001749317244493495
0.46,0.0001752685623535947
0.461,0.00017560578743806046
0.462,0.00017594339842291013
0.463,0.00017628139402919727
0.464,0.00017661977297886558
0.465,0.000176958533994749
0.466,0.00017729767580057173
0.467,0.00017763719712094817
0.468,0.00017797709668138285
0.46900000000000003,0.0001783173732082707
0.47000000000000003,0.00017865802542889672
0.47100000000000003,0.00017899905207143614
0.47200000000000003,0.00017934045186495447
0.47300000000000003,0.00017968222353940738
0.47400000000000003,0.0001800243658256408
0.47500000000000003,0.00018036687745539087
0.47600000000000003,0.00018070975716128387
0.47700000000000004,0.00018105300367683643
0.47800000000000004,0.00018139661573645527
0.47900000000000004,0.00018174059207543746
0.48,0.0001820849314299701
0.481,0.00018242963253713076
0.482,0.00018277469413488696
0.483,0.00018312011496209664
0.484,0.00018346589375850786
0.485,0.00018381202926475893
0.486,0.00018415852022237833
0.487,0.0001845053653737848
0.488,0.00018485256346228735
0.489,0.00018520011323208506
0.49,0.00018554801342826737
0.491,0.00018589626279681386
0.492,0.00018624486008459433
0.493,0.00018659380403936886
0.494,0.00018694309340978768
0.495,0.00018729272694539123
0.496,0.00018764270339661026
0.497,0.00018799302151476562
0.498,0.00018834368005206847
0.499,0.0001886946777616201
0.5,0.0001890460133974121
0.501,0.0001893976857143262
0.502,0.00018974969346813444
0.503,0.000190102035415499
0.504,0.00019045471031397233
0.505,0.00019080771692199703
0.506,0.00019116105399890595
0.507,0.00019151472030492226
0.508,0.00019186871460115913
0.509,0.00019222303564962013
0.51,0.000192577682213199
0.511,0.00019293265305567962
0.512,0.0001932879469417362
0.513,0.00019364356263693313
0.514,0.00019399949890772496
0.515,0.00019435575452145655
0.516,0.00019471232824636289
0.517,0.00019506921885156922
0.518,0.00019542642510709103
0.519,0.000195783945783834
0.52,0.00019614177965359398
0.521,0.00019649992548905715
0.522,0.00019685838206379982
0.523,0.00019721714815228847
0.524,0.00019757622252988003
0.525,0.0001979356039728213
0.526,0.00019829529125824959
0.527,0.00019865528316419224
0.528,0.00019901557846956696
0.529,0.00019937617595418153
0.53,0.0001997370743987341
0.531,0.0002000982725848129
0.532,0.00020045976929489645
0.533,0.00020082156331235345
0.534,0.0002011836534214429
0.535,0.00020154603840731383
0.536,0.0002019087170560057
0.537,0.0002022716881544481
0.538,0.00020263495049046085
0.539,0.00020299850285275387
0.54,0.0002033623440309275
0.541,0.0002037264728154722
0.542,0.00020409088799776856
0.543,0.00020445558837008755
0.544,0.0002048205727255902
0.545,0.00020518583985832794
0.546,0.0002055513885632422
0.547,0.00020591721763616485
0.548,0.00020628332587381776
0.549,0.00020664971207381316
0.55,0.00020701637503465353
0.551,0.0002073833135557314
0.552,0.0002077505264373297
0.553,0.00020811801248062138
0.554,0.00020848577048766977
0.555,0.00020885379926142847
0.556,0.00020922209760574105
0.557,0.00020959066432534149
0.558,0.00020995949822585392
0.559,0.00021032859811379273
0.56,0.00021069796279656256
0.561,0.0002110675910824581
0.562,0.00021143748178066444
0.5630000000000001,0.00021180763370125673
0.5640000000000001,0.00021217804565520053
0.5650000000000001,0.00021254871645435142
0.5660000000000001,0.0002129196449114553
0.5670000000000001,0.0002132908298401483
0.5680000000000001,0.00021366227005495674
0.5690000000000001,0.00021403396437129715
0.5700000000000001,0.0002144059116054762
0.5710000000000001,0.000214778110574691
0.5720000000000001,0.00021515056009702865
0.5730000000000001,0.00021552325899146658
0.5740000000000001,0.0002158962060778724
0.5750000000000001,0.00021626940017700395
0.5760000000000001,0.00021664284011050928
0.577,0.00021701652470092664
0.578,0.00021739045277168465
0.579,0.0002177646231471018
0.58,0.0002181390346523872
0.581,0.0002185136861136399
0.582,0.0002188885763578493
0.583,0.00021926370421289495
0.584,0.00021963906850754663
0.585,0.00022001466807146434
0.586,0.00022039050173519836
0.587,0.00022076656833018912
0.588,0.00022114286668876727
0.589,0.00022151939564415366
0.59,0.0002218961540304594
0.591,0.00022227314068268587
0.592,0.00022265035443672445
0.593,0.0002230277941293571
0.594,0.00022340545859825554
0.595,0.00022378334668198214
0.596,0.0002241614572199892
0.597,0.00022453978905261936
0.598,0.00022491834102110546
0.599,0.00022529711196757053
0.6,0.00022567610073502786
0.601,0.0002260553061673809
0.602,0.00022643472710942342
0.603,0.00022681436240683923
0.604,0.0002271942109062026
0.605,0.00022757427145497777
0.606,0.0002279545429015193
0.607,0.0002283350240950721
0.608,0.00022871571388577102
0.609,0.00022909661112464143
0.61,0.00022947771466359866
0.611,0.00022985902335544834
0.612,0.00023024053605388644
0.613,0.000230622251613499
0.614,0.00023100416888976235
0.615,0.00023138628673904297
0.616,0.00023176860401859765
0.617,0.00023215111958657333
0.618,0.00023253383230200714
0.619,0.00023291674102482652
0.62,0.000233299844615849
0.621,0.00023368314193678258
0.622,0.00023406663185022514
0.623,0.00023445031321966497
0.624,0.00023483418490948059
0.625,0.00023521824578494067
0.626,0.00023560249471220416
0.627,0.0002359869305583201
0.628,0.0002363715521912279
0.629,0.00023675635847975713
0.63,0.0002371413482936275
0.631,0.0002375265205034491
0.632,0.0002379118739807221
0.633,0.00023829740759783688
0.634,0.0002386831202280742
0.635,0.00023906901074560478
0.636,0.0002394550780254899
0.637,0.00023984132094368067
0.638,0.00024022773837701868
0.639,0.00024061432920323563
0.64,0.00024100109230095357
0.641,0.00024138802654968453
0.642,0.00024177513082983108
0.643,0.00024216240402268562
0.644,0.00024254984501043104
0.645,0.00024293745267614053
0.646,0.0002433252259037771
0.647,0.00024371316357819434
0.648,0.0002441012645851359
0.649,0.0002444895278112357
0.65,0.000244877952144018
0.651,0.00024526653647189686
0.652,0.0002456552796841771
0.653,0.00024604418067105326
0.654,0.0002464332383236105
0.655,0.00024682245153382406
0.656,0.00024721181919455914
0.657,0.0002476013401995716
0.658,0.00024799101344350724
0.659,0.0002483808378219021
0.66,0.0002487708122311824
0.661,0.00024916093556866486
0.662,0.0002495512067325561
0.663,0.00024994162462195295
0.664,0.0002503321881368427
0.665,0.00025072289617810275
0.666,0.0002511137476475006
0.667,0.00025150474144769414
0.668,0.0002518958764822314
0.669,0.00025228715165555055
0.67,0.0002526785658729801
0.671,0.00025307011804073874
0.672,0.0002534618070659353
0.673,0.0002538536318565691
0.674,0.0002542455913215292
0.675,0.00025463768437059535
0.676,0.0002550299099144372
0.677,0.0002554222668646147
0.678,0.00025581475413357827
0.679,0.00025620737063466813
0.68,0.0002566001152821149
0.681,0.0002569929869910397
0.682,0.0002573859846774532
0.683,0.000257779107258257
0.684,0.00025817235365124244
0.685,0.0002585657227750913
0.686,0.00025895921354937557
0.687,0.00025935282489455725
0.6880000000000001,0.00025974655573198885
0.6890000000000001,0.00026014040498391295
0.6900000000000001,0.0002605343715734623
0.6910000000000001,0.00026092845442465996
0.6920000000000001,0.0002613226524624192
0.6930000000000001,0.0002617169646125433
0.6940000000000001,0.0002621113898017262
0.6950000000000001,0.0002625059269575516
0.6960000000000001,0.00026290057500849367
0.6970000000000001,0.00026329533288391675
0.6980000000000001,0.00026369019951407536
0.6990000000000001,0.0002640851738301143
0.7000000000000001,0.00026448025476406855
0.7010000000000001,0.0002648754412488632
0.7020000000000001,0.0002652707322183137
0.7030000000000001,0.00026566612660712584
0.704,0.0002660616233508952
0.705,0.00026645722138610807
0.706,0.00026685291965014064
0.707,0.00026724871708125943
0.708,0.0002676446126186211
0.709,0.0002680406052022726
0.71,0.0002684366937731511
0.711,0.000268832877273084
0.712,0.0002692291546447888
0.713,0.00026962552483187334
0.714,0.0002700219867788356
0.715,0.00027041853943106397
0.716,0.00027081518173483675
0.717,0.00027121191263732264
0.718,0.00027160873108658044
0.719,0.0002720056360315594
0.72,0.0002724026264220988
0.721,0.00027279970120892816
0.722,0.0002731968593436672
0.723,0.000273594099778826
0.724,0.00027399142146780457
0.725,0.00027438882336489344
0.726,0.0002747863044252732
0.727,0.0002751838636050148
0.728,0.000275581499861079
0.729,0.00027597921215131744
0.73,0.00027637699943447143
0.731,0.0002767748606701726
0.732,0.00027717279481894304
0.733,0.00027757080084219474
0.734,0.0002779688777022302
0.735,0.0002783670243622419
0.736,0.00027876523978631265
0.737,0.0002791635229394155
0.738,0.00027956187278741363
0.739,0.00027996028829706054
0.74,0.00028035876843599986
0.741,0.0002807573121727654
0.742,0.00028115591847678134
0.743,0.0002815545863183621
0.744,0.000281953314668712
0.745,0.00028235210249992585
0.746,0.00028275094878498863
0.747,0.00028314985249777556
0.748,0.00028354881261305205
0.749,0.00028394782810647364
0.75,0.0002843468979545862
0.751,0.00028474602113482577
0.752,0.00028514519662551865
0.753,0.00028554442340588125
0.754,0.00028594370045602037
0.755,0.00028634302675693287
0.756,0.0002867424012905059
0.757,0.00028714182303951684
0.758,0.00028754129098763323
0.759,0.00028794080411941286
0.76,0.00028834036142030367
0.761,0.00028873996187664397
0.762,0.00028913960447566223
0.763,0.000289539288205477
0.764,0.00028993901205509717
0.765,0.0002903387750144219
0.766,0.0002907385760742405
0.767,0.00029113841422623234
0.768,0.00029153828846296737
0.769,0.0002919381977779054
0.77,0.0002923381411653967
0.771,0.0002927381176206816
0.772,0.0002931381261398907
0.773,0.0002935381657200449
0.774,0.00029393823535905515
0.775,0.0002943383340557228
0.776,0.00029473846080973933
0.777,0.0002951386146216863
0.778,0.0002955387944930358
0.779,0.0002959389994261498
0.78,0.0002963392284242807
0.781,0.0002967394804915712
0.782,0.0002971397546330539
0.783,0.0002975400498546518
0.784,0.0002979403651631783
0.785,0.0002983406995663367
0.786,0.00029874105207272064
0.787,0.00029914142169181396
0.788,0.00029954180743399077
0.789,0.00029994220831051547
0.79,0.00030034262333354243
0.791,0.0003007430515161165
0.792,0.0003011434918721726
0.793,0.00030154394341653585
0.794,0.00030194440516492164
0.795,0.00030234487613393566
0.796,0.00030274535534107367
0.797,0.0003031458418047217
0.798,0.00030354633454415597
0.799,0.0003039468325795431
0.8,0.00030434733493193956
0.801,0.00030474784062329245
0.802,0.0003051483486764388
0.803,0.00030554885811510593
0.804,0.0003059493679639115
0.805,0.00030634987724836323
0.806,0.00030675038499485897
0.807,0.0003071508902306872
0.808,0.0003075513919840261
0.809,0.00030795188928394444
0.81,0.0003083523811604011
0.811,0.0003087528666442451
0.812,0.00030915334476721575
0.8130000000000001,0.0003095538145619425
0.8140000000000001,0.00030995427506194526
0.8150000000000001,0.00031035472530163374
0.8160000000000001,0.00031075516431630824
0.8170000000000001,0.0003111555911421592
0.8180000000000001,0.00031155600481626696
0.8190000000000001,0.00031195640437660263
0.8200000000000001,0.00031235678886202704
0.8210000000000001,0.0003127571573122916
0.8220000000000001,0.0003131575087680377
0.8230000000000001,0.0003135578422707969
0.8240000000000001,0.00031395815686299127
0.8250000000000001,0.0003143584515879329
0.8260000000000001,0.0003147587254898241
0.8270000000000001,0.00031515897761375737
0.8280000000000001,0.0003155592070057155
0.8290000000000001,0.00031595941271257157
0.8300000000000001,0.0003163595937820887
0.8310000000000001,0.0003167597492629202
0.8320000000000001,0.00031715987820460996
0.833,0.0003175599796575916
0.834,0.0003179600526731893
0.835,0.00031836009630361743
0.836,0.00031876010960198034
0.837,0.00031916009162227284
0.838,0.00031956004141937984
0.839,0.00031995995804907646
0.84,0.0003203598405680282
0.841,0.0003207596880337905
0.842,0.0003211594995048092
0.843,0.0003215592740404204
0.844,0.0003219590107008503
0.845,0.0003223587085472154
0.846,0.00032275836664152224
0.847,0.0003231579840466678
0.848,0.0003235575598264393
0.849,0.0003239570930455139
0.85,0.0003243565827694592
0.851,0.000324756028064733
0.852,0.00032515542799868325
0.853,0.00032555478163954804
0.854,0.000325954088056456
0.855,0.00032635334631942565
0.856,0.0003267525554993658
0.857,0.0003271517146680755
0.858,0.00032755082289824414
0.859,0.0003279498792634512
0.86,0.00032834888283816624
0.861,0.0003287478326977494
0.862,0.0003291467279184507
0.863,0.0003295455675774105
0.864,0.00032994435075265954
0.865,0.0003303430765231184
0.866,0.00033074174396859827
0.867,0.0003311403521698003
0.868,0.0003315389002083159
0.869,0.00033193738716662697
0.87,0.0003323358121281051
0.871,0.0003327341741770126
0.872,0.00033313247239850175
0.873,0.0003335307058786149
0.874,0.00033392887370428513
0.875,0.00033432697496333513
0.876,0.0003347250087444782
0.877,0.00033512297413731783
0.878,0.0003355208702323475
0.879,0.00033591869612095113
0.88,0.0003363164508954028
0.881,0.0003367141336488667
0.882,0.0003371117434753974
0.883,0.0003375092794699395
0.884,0.00033790674072832813
0.885,0.00033830412634728815
0.886,0.00033870143542443523
0.887,0.0003390986670582747
0.888,0.0003394958203482025
0.889,0.00033989289439450453
0.89,0.00034028988829835715
0.891,0.0003406868011618267
0.892,0.00034108363208786995
0.893,0.00034148038018033363
0.894,0.0003418770445439549
0.895,0.00034227362428436117
0.896,0.00034267011850806984
0.897,0.0003430665263224888
0.898,0.00034346284683591584
0.899,0.0003438590791575393
0.9,0.0003442552223974375
0.901,0.000344651275666579
0.902,0.0003450472380768228
0.903,0.00034544310874091777
0.904,0.00034583888677250325
0.905,0.00034623457128610887
0.906,0.00034663016139715417
0.907,0.00034702565622194906
0.908,0.0003474210548776937
0.909,0.00034781635648247855
0.91,0.00034821156015528405
0.911,0.00034860666501598103
0.912,0.0003490016701853305
0.913,0.0003493965747849837
0.914,0.00034979137793748194
0.915,0.00035018607876625713
0.916,0.000350580676395631
0.917,0.00035097516995081563
0.918,0.00035136955855791333
0.919,0.0003517638413439165
0.92,0.0003521580174367083
0.921,0.00035255208596506125
0.922,0.00035294604605863876
0.923,0.000353339896847994
0.924,0.00035373363746457083
0.925,0.00035412726704070306
0.926,0.00035452078470961455
0.927,0.0003549141896054197
0.928,0.000355307480863123
0.929,0.000355700657618619
0.93,0.00035609371900869284
0.931,0.00035648666417101944
0.932,0.0003568794922441642
0.933,0.0003572722023675828
0.934,0.00035766479368162096
0.935,0.0003580572653275146
0.936,0.0003584496164473901
0.937,0.00035884184618426365
0.9380000000000001,0.00035923395368204217
0.9390000000000001,0.0003596259380855224
0.9400000000000001,0.00036001779854039133
0.9410000000000001,0.00036040953419322645
0.9420000000000001,0.0003608011441914951
0.9430000000000001,0.0003611926276835552
0.9440000000000001,0.0003615839838186545
0.9450000000000001,0.0003619752117469313
0.9460000000000001,0.00036236631061941407
0.9470000000000001,0.0003627572795880212
0.9480000000000001,0.0003631481178055616
0.9490000000000001,0.00036353882442573444
0.9500000000000001,0.0003639293986031288
0.9510000000000001,0.0003643198394932242
0.9520000000000001,0.0003647101462523903
0.9530000000000001,0.0003651003180378872
0.9540000000000001,0.0003654903540078648
0.9550000000000001,0.00036588025332136347
0.9560000000000001,0.00036627001513831397
0.9570000000000001,0.0003666596386195368
0.9580000000000001,0.00036704912292674315
0.9590000000000001,0.0003674384672225341
0.96,0.00036782767067040104
0.961,0.00036821673243472587
0.962,0.0003686056516807802
0.963,0.00036899442757472626
0.964,0.00036938305928361625
0.965,0.00036977154597539274
0.966,0.0003701598868188884
0.967,0.00037054808098382626
0.968,0.0003709361276408194
0.969,0.00037132402596137126
0.97,0.0003717117751178754
0.971,0.0003720993742836157
0.972,0.0003724868226327661
0.973,0.0003728741193403909
0.974,0.0003732612635824446
0.975,0.0003736482545357718
0.976,0.00037403509137810744
0.977,0.00037442177328807675
0.978,0.0003748082994451948
0.979,0.0003751946690298674
0.98,0.0003755808812233901
0.981,0.0003759669352079491
0.982,0.00037635283016662055
0.983,0.00037673856528337073
0.984,0.0003771241397430565
0.985,0.0003775095527314245
0.986,0.0003778948034351119
0.987,0.00037827989104164604
0.988,0.00037866481473944433
0.989,0.00037904957371781453
0.99,0.0003794341671669546
0.991,0.00037981859427795267
0.992,0.0003802028542427871
0.993,0.00038058694625432655
0.994,0.0003809708695063298
0.995,0.0003813546231934459
0.996,0.00038173820651121385
0.997,0.00038212161865606363
0.998,0.00038250485882531434
0.999,0.00038288792621717625
1.0,0.00038327082003074937
1.0010000000000001,0.000383653539466024
1.002,0.0003840360837238807
1.0030000000000001,0.00038441845200609025
1.004,0.00038480064351531355
1.0050000000000001,0.000385182657455102
1.006,0.00038556449302989677
1.0070000000000001,0.0003859461494450296
1.008,0.0003863276259067224
1.0090000000000001,0.0003867089216220871
1.01,0.0003870900357991262
1.0110000000000001,0.0003874709676467319
1.012,0.0003878517163746871
1.0130000000000001,0.00038823228119366483
1.014,0.00038861266131522793
1.0150000000000001,0.00038899285595183014
1.016,0.0003893728643168148
1.0170000000000001,0.0003897526856244158
1.018,0.00039013231908975707
1.0190000000000001,0.00039051176392885297
1.02,0.0003908910193586078
1.0210000000000001,0.0003912700845968164
1.022,0.0003916489588621636
1.0230000000000001,0.00039202764137422454
1.024,0.00039240613135346433
1.025,0.0003927844280212387
1.026,0.0003931625305997935
1.027,0.0003935404383122645
1.028,0.000393918150382678
1.029,0.00039429566603595037
1.03,0.0003946729844978883
1.031,0.00039505010499518847
1.032,0.00039542702675543815
1.033,0.00039580374900711443
1.034,0.00039618027097958506
1.035,0.0003965565919031073
1.036,0.0003969327110088297
1.037,0.0003973086275287897
1.038,0.0003976843406959163
1.039,0.0003980598497440276
1.04,0.0003984351539078328
1.041,0.0003988102524229305
1.042,0.00039918514452581035
1.043,0.00039955982945385143
1.044,0.00039993430644532366
1.045,0.0004003085747393867
1.046,0.00040068263357609087
1.047,0.0004010564821963764
1.048,0.00040143011984207386
1.049,0.00040180354575590385
1.05,0.0004021767591814774
1.051,0.0004025497593632958
1.052,0.0004029225455467505
1.053,0.00040329511697812285
1.054,0.0004036674729045849
1.055,0.0004040396125741986
1.056,0.0004044115352359163
1.057,0.0004047832401395805
1.058,0.00040515472653592383
1.059,0.00040552599367656915
1.06,0.0004058970408140298
1.061,0.0004062678672017089
1.062,0.0004066384720939003
1.063,0.00040700885474578743
1.064,0.0004073790144134447
1.065,0.00040774895035383603
1.066,0.00040811866182481605
1.067,0.0004084881480851292
1.068,0.00040885740839441057
1.069,0.0004092264420131851
1.07,0.0004095952482028683
1.071,0.0004099638262257655
1.072,0.0004103321753450725
1.073,0.0004107002948248753
1.074,0.00041106818393015003
1.075,0.00041143584192676304
1.076,0.0004118032680814711
1.077,0.0004121704616619209
1.078,0.00041253742193664956
1.079,0.0004129041481750843
1.08,0.00041327063964754265
1.081,0.0004136368956252322
1.082,0.00041400291538025105
1.083,0.00041436869818558706
1.084,0.0004147342433151189
1.085,0.0004150995500436149
1.086,0.00041546461764673404
1.087,0.00041582944540102503
1.088,0.00041619403258392736
1.089,0.0004165583784737703
1.09,0.0004169224823497737
1.091,0.00041728634349204715
1.092,0.00041764996118159094
1.093,0.00041801333470029527
1.094,0.0004183764633309407
1.095,0.00041873934635719797
1.096,0.0004191019830636282
1.097,0.0004194643727356822
1.098,0.00041982651465970167
1.099,0.000420188408122918
1.1,0.00042055005241345325
1.101,0.00042091144682031924
1.102,0.00042127259063341835
1.103,0.00042163348314354295
1.104,0.0004219941236423759
1.105,0.0004223545114224899
1.106,0.0004227146457773483
1.107,0.00042307452600130426
1.108,0.00042343415138960147
1.109,0.0004237935212383735
1.11,0.0004241526348446446
1.111,0.00042451149150632883
1.112,0.0004248700905222307
1.113,0.0004252284311920447
1.114,0.00042558651281635594
1.115,0.00042594433469663926
1.116,0.00042630189613526015
1.117,0.00042665919643547387
1.118,0.00042701623490142655
1.119,0.00042737301083815377
1.12,0.0004277295235515818
1.121,0.0004280857723485271
1.122,0.0004284417565366963
1.123,0.000428797475424686
1.124,0.0004291529283219835
1.125,0.0004295081145389658
1.1260000000000001,0.0004298630333869006
1.127,0.0004302176841779454
1.1280000000000001,0.0004305720662251482
1.129,0.0004309261788424471
1.1300000000000001,0.0004312800213446705
1.131,0.0004316335930475367
1.1320000000000001,0.00043198689326765487
1.133,0.00043233992132252365
1.1340000000000001,0.0004326926765305324
1.135,0.0004330451582109605
1.1360000000000001,0.00043339736568397775
1.137,0.00043374929827064374
1.1380000000000001,0.0004341009552929087
1.139,0.0004344523360736129
1.1400000000000001,0.00043480343993648686
1.141,0.00043515426620615124
1.1420000000000001,0.0004355048142081171
1.143,0.00043585508326878544
1.1440000000000001,0.00043620507271544776
1.145,0.0004365547818762855
1.1460000000000001,0.0004369042100803707
1.147,0.0004372533566576653
1.1480000000000001,0.00043760222093902157
1.149,0.00043795080225618167
1.1500000000000001,0.0004382990999417787
1.151,0.0004386471133293354
1.1520000000000001,0.00043899484175326486
1.153,0.0004393422845488703
1.154,0.00043968944105234536
1.155,0.00044003631060077404
1.156,0.0004403828925321299
1.157,0.00044072918618527754
1.158,0.000441075190899971
1.159,0.0004414209060168552
1.16,0.00044176633087746487
1.161,0.0004421114648242251
1.162,0.00044245630720045104
1.163,0.00044280085735034846
1.164,0.0004431451146190129
1.165,0.0004434890783524304
1.166,0.0004438327478974769
1.167,0.000444176122601919
1.168,0.00044451920181441315
1.169,0.00044486198488450626
1.17,0.0004452044711626352
1.171,0.0004455466600001274
1.172,0.0004458885507492001
1.173,0.0004462301427629612
1.174,0.0004465714353954084
1.175,0.00044691242800143
1.176,0.00044725311993680403
1.177,0.0004475935105581995
1.178,0.00044793359922317463
1.179,0.00044827338529017873
1.18,0.0004486128681185508
1.181,0.0004489520470685205
1.182,0.00044929092150120724
1.183,0.000449629490778621
1.184,0.0004499677542636616
1.185,0.0004503057113201197
1.186,0.00045064336131267545
1.187,0.0004509807036068997
1.188,0.00045131773756925346
1.189,0.0004516544625670877
1.19,0.0004519908779686439
1.191,0.0004523269831430537
1.192,0.0004526627774603388
1.193,0.0004529982602914112
1.194,0.0004533334310080731
1.195,0.0004536682889830171
1.196,0.0004540028335898257
1.197,0.00045433706420297185
1.198,0.00045467098019781875
1.199,0.0004550045809506195
1.2,0.0004553378658385179
1.201,0.0004556708342395475
1.202,0.00045600348553263224
1.203,0.00045633581909758657
1.204,0.00045666783431511456
1.205,0.00045699953056681117
1.206,0.00045733090723516084
1.207,0.00045766196370353895
1.208,0.00045799269935621075
1.209,0.0004583231135783315
1.21,0.0004586532057559471
1.211,0.0004589829752759935
1.212,0.0004593124215262966
1.213,0.00045964154389557295
1.214,0.00045997034177342914
1.215,0.00046029881455036194
1.216,0.0004606269616177583
1.217,0.0004609547823678954
1.218,0.0004612822761939408
1.219,0.0004616094424899522
1.22,0.0004619362806508772
1.221,0.0004622627900725543
1.222,0.0004625889701517114
1.223,0.00046291482028596744
1.224,0.0004632403398738308
1.225,0.0004635655283147006
1.226,0.00046389038500886605
1.227,0.0004642149093575065
1.228,0.0004645391007626916
1.229,0.0004648629586273811
1.23,0.00046518648235542505
1.231,0.0004655096713515639
1.232,0.0004658325250214279
1.233,0.000466155042771538
1.234,0.00046647722400930473
1.235,0.0004667990681430296
1.236,0.00046712057458190377
1.237,0.0004674417427360089
1.238,0.0004677625720163166
1.239,0.0004680830618346893
1.24,0.0004684032116038786
1.241,0.00046872302073752735
1.242,0.00046904248865016815
1.243,0.00046936161475722376
1.244,0.0004696803984750074
1.245,0.0004699988392207223
1.246,0.000470316936412462
1.247,0.0004706346894692102
1.248,0.0004709520978108408
1.249,0.00047126916085811824
1.25,0.00047158587803269674
1.2510000000000001,0.00047190224875712076
1.252,0.0004722182724548253
1.2530000000000001,0.0004725339485501353
1.254,0.0004728492764682662
1.2550000000000001,0.0004731642556353233
1.256,0.00047347888547830233
1.2570000000000001,0.0004737931654250894
1.258,0.00047410709490446025
1.2590000000000001,0.0004744206733460815
1.26,0.00047473390018050953
1.2610000000000001,0.0004750467748391913
1.262,0.00047535929675446374
1.2630000000000001,0.0004756714653595542
1.264,0.0004759832800885798
1.2650000000000001,0.00047629474037654847
1.266,0.0004766058456593578
1.2670000000000001,0.0004769165953737962
1.268,0.0004772269889575417
1.2690000000000001,0.00047753702584916297
1.27,0.0004778467054881186
1.2710000000000001,0.00047815602731475775
1.272,0.0004784649907703193
1.2730000000000001,0.000478773595296933
1.274,0.000479081840337618
1.2750000000000001,0.0004793897253362845
1.276,0.00047969724973773235
1.2770000000000001,0.00048000441298765196
1.278,0.00048031121453262363
1.2790000000000001,0.0004806176538201181
1.28,0.0004809237302984963
1.281,0.00048122944341700923
1.282,0.0004815347926257984
1.283,0.00048183977737589534
1.284,0.00048214439711922167
1.285,0.00048244865130858954
1.286,0.0004827525393977012
1.287,0.00048305606084114884
1.288,0.0004833592150944153
1.289,0.0004836620016138733
1.29,0.0004839644198567861
1.291,0.00048426646928130675
1.292,0.000484568149346479
1.293,0.0004848694595122364
1.294,0.000485170399239403
1.295,0.00048547096798969296
1.296,0.0004857711652257105
1.297,0.00048607099041095037
1.298,0.0004863704430097974
1.299,0.00048666952248752635
1.3,0.0004869682283103028
1.301,0.00048726655994518216
1.302,0.00048756451686011
1.303,0.0004878620985239222
1.304,0.0004881593044063451
1.305,0.0004884561339779947
1.306,0.0004887525867103777
1.307,0.0004890486620758909
1.308,0.0004893443595478213
1.309,0.000489639678600346
1.31,0.0004899346187085325
1.311,0.0004902291793483384
1.312,0.0004905233599966116
1.313,0.0004908171601310901
1.314,0.0004911105792304021
1.315,0.0004914036167740662
1.316,0.0004916962722424914
1.317,0.0004919885451169761
1.318,0.0004922804348797099
1.319,0.000492571941013772
1.32,0.0004928630630031319
1.321,0.0004931538003326495
1.322,0.0004934441524880748
1.323,0.000493734118956048
1.324,0.0004940236992240999
1.325,0.0004943128927806504
1.326,0.0004946016991150112
1.327,0.0004948901177173832
1.328,0.0004951781480788573
1.329,0.0004954657896914154
1.33,0.0004957530420479293
1.331,0.0004960399046421609
1.332,0.0004963263769687623
1.333,0.0004966124585232759
1.334,0.0004968981488021345
1.335,0.0004971834473026611
1.336,0.0004974683535230682
1.337,0.0004977528669624594
1.338,0.0004980369871208283
1.339,0.0004983207134990585
1.34,0.000498604045598924
1.341,0.0004988869829230887
1.342,0.0004991695249751074
1.343,0.0004994516712594243
1.344,0.0004997334212813743
1.345,0.0005000147745471825
1.346,0.000500295730563964
1.347,0.0005005762888397245
1.348,0.0005008564488833593
1.349,0.0005011362102046546
1.35,0.0005014155723142863
1.351,0.0005016945347238208
1.352,0.0005019730969457148
1.353,0.0005022512584933148
1.354,0.0005025290188808577
1.355,0.0005028063776234711
1.356,0.000503083334237172
1.357,0.0005033598882388682
1.358,0.0005036360391463576
1.359,0.0005039117864783279
1.36,0.000504187129754358
1.361,0.0005044620684949158
1.362,0.0005047366022213604
1.363,0.0005050107304559404
1.364,0.0005052844527217952
1.365,0.0005055577685429539
1.366,0.0005058306774443364
1.367,0.0005061031789517522
1.368,0.0005063752725919015
1.369,0.0005066469578923745
1.37,0.0005069182343816516
1.371,0.0005071891015891035
1.372,0.000507459559044991
1.373,0.0005077296062804652
1.374,0.0005079992428275675
1.375,0.0005082684682192293
1.3760000000000001,0.0005085372819892725
1.377,0.0005088056836724089
1.3780000000000001,0.000509073672804241
1.379,0.0005093412489212608
1.3800000000000001,0.0005096084115608511
1.381,0.0005098751602612846
1.3820000000000001,0.0005101414945617248
1.383,0.0005104074140022244
1.3840000000000001,0.0005106729181237271
1.385,0.0005109380064680667
1.3860000000000001,0.0005112026785779669
1.387,0.0005114669339970421
1.3880000000000001,0.0005117307722697965
1.389,0.0005119941929416246
1.3900000000000001,0.0005122571955588115
1.391,0.0005125197796685317
1.3920000000000001,0.0005127819448188508
1.393,0.0005130436905587242
1.3940000000000001,0.0005133050164379975
1.395,0.0005135659220074065
1.3960000000000001,0.0005138264068185773
1.397,0.0005140864704240262
1.3980000000000001,0.00051434611237716
1.399,0.0005146053322322751
1.4000000000000001,0.0005148641295445588
1.401,0.0005151225038700876
1.4020000000000001,0.0005153804547658297
1.403,0.0005156379817896422
1.4040000000000001,0.0005158950845002731
1.405,0.0005161517624573604
1.4060000000000001,0.0005164080152214324
1.407,0.0005166638423539077
1.408,0.0005169192434170945
1.409,0.0005171742179741925
1.41,0.0005174287655892901
1.411,0.000517682885827367
1.412,0.0005179365782542926
1.413,0.000518189842436827
1.414,0.0005184426779426198
1.415,0.0005186950843402115
1.416,0.0005189470611990323
1.417,0.0005191986080894032
1.418,0.0005194497245825344
1.419,0.0005197004102505278
1.42,0.0005199506646663742
1.421,0.0005202004874039553
1.422,0.0005204498780380426
1.423,0.0005206988361442983
1.424,0.0005209473612992745
1.425,0.0005211954530804136
1.426,0.0005214431110660481
1.427,0.0005216903348354009
1.428,0.000521937123968585
1.429,0.0005221834780466037
1.43,0.0005224293966513505
1.431,0.000522674879365609
1.432,0.0005229199257730531
1.433,0.000523164535458247
1.434,0.0005234087080066451
1.435,0.0005236524430045918
1.436,0.0005238957400393217
1.437,0.0005241385986989603
1.438,0.0005243810185725225
1.439,0.0005246229992499137
1.44,0.0005248645403219297
1.441,0.0005251056413802561
1.442,0.0005253463020174692
1.443,0.0005255865218270352
1.444,0.0005258263004033107
1.445,0.0005260656373415423
1.446,0.000526304532237867
1.447,0.0005265429846893119
1.448,0.0005267809942937946
1.449,0.0005270185606501224
1.45,0.0005272556833579935
1.451,0.0005274923620179954
1.452,0.0005277285962316068
1.453,0.000527964385601196
1.454,0.0005281997297300217
1.455,0.0005284346282222325
1.456,0.0005286690806828681
1.457,0.0005289030867178575
1.458,0.0005291366459340202
1.459,0.000529369757939066
1.46,0.0005296024223415949
1.461,0.0005298346387510971
1.462,0.0005300664067779532
1.463,0.0005302977260334337
1.464,0.0005305285961296993
1.465,0.0005307590166798011
1.466,0.0005309889872976808
1.467,0.0005312185075981693
1.468,0.0005314475771969888
1.469,0.000531676195710751
1.47,0.0005319043627569581
1.471,0.0005321320779540025
1.472,0.0005323593409211667
1.473,0.0005325861512786237
1.474,0.0005328125086474361
1.475,0.0005330384126495578
1.476,0.0005332638629078319
1.477,0.0005334888590459917
1.478,0.0005337134006886618
1.479,0.0005339374874613558
1.48,0.0005341611189904783
1.481,0.0005343842949033237
1.482,0.0005346070148280767
1.483,0.0005348292783938127
1.484,0.0005350510852304962
1.485,0.0005352724349689831
1.486,0.000535493327241019
1.487,0.0005357137616792397
1.488,0.0005359337379171712
1.489,0.0005361532555892297
1.49,0.0005363723143307217
1.491,0.0005365909137778444
1.492,0.000536809053567684
1.493,0.0005370267333382182
1.494,0.0005372439527283141
1.495,0.0005374607113777292
1.496,0.0005376770089271116
1.497,0.0005378928450179991
1.498,0.0005381082192928202
1.499,0.0005383231313948931
1.5,0.0005385375809684262
1.5010000000000001,0.000538751567658519
1.502,0.0005389650911111603
1.5030000000000001,0.0005391781509732293
1.504,0.0005393907468924956
1.5050000000000001,0.0005396028785176192
1.506,0.0005398145454981498
1.5070000000000001,0.0005400257474845278
1.508,0.0005402364841280833
1.5090000000000001,0.0005404467550810373
1.51,0.0005406565599965002
1.5110000000000001,0.0005408658985284735
1.512,0.0005410747703318483
1.5130000000000001,0.0005412831750624058
1.514,0.0005414911123768182
1.5150000000000001,0.0005416985819326471
1.516,0.0005419055833883449
1.5170000000000001,0.0005421121164032538
1.518,0.0005423181806376062
1.5190000000000001,0.0005425237757525252
1.52,0.0005427289014100236
1.5210000000000001,0.0005429335572730048
1.522,0.000543137743005262
1.5230000000000001,0.0005433414582714792
1.524,0.0005435447027372299
1.5250000000000001,0.0005437474760689786
1.526,0.0005439497779340793
1.5270000000000001,0.0005441516080007768
1.528,0.0005443529659382054
1.5290000000000001,0.0005445538514163905
1.53,0.0005447542641062472
1.5310000000000001,0.0005449542036795807
1.532,0.0005451536698090867
1.5330000000000001,0.0005453526621683514
1.534,0.0005455511804318504
1.5350000000000001,0.00054574922427495
1.536,0.0005459467933739068
1.537,0.0005461438874058674
1.538,0.0005463405060488689
1.539,0.0005465366489818383
1.54,0.0005467323158845932
1.541,0.0005469275064378407
1.542,0.000547122220323179
1.543,0.0005473164572230958
1.544,0.0005475102168209697
1.545,0.0005477034988010688
1.546,0.0005478963028485519
1.547,0.0005480886286494678
1.548,0.0005482804758907557
1.549,0.0005484718442602446
1.55,0.0005486627334466545
1.551,0.0005488531431395949
1.552,0.0005490430730295658
1.553,0.0005492325228079573
1.554,0.0005494214921670498
1.555,0.0005496099808000139
1.556,0.0005497979884009107
1.557,0.0005499855146646907
1.558,0.0005501725592871957
1.559,0.0005503591219651569
1.56,0.000550545202396196
1.561,0.000550730800278825
1.562,0.0005509159153124459
1.563,0.0005511005471973512
1.564,0.0005512846956347235
1.565,0.0005514683603266354
1.566,0.0005516515409760501
1.567,0.0005518342372868206
1.568,0.0005520164489636903
1.569,0.0005521981757122933
1.57,0.0005523794172391529
1.571,0.0005525601732516834
1.572,0.0005527404434581891
1.573,0.0005529202275678649
1.574,0.000553099525290795
1.575,0.0005532783363379542
1.576,0.0005534566604212084
1.577,0.0005536344972533125
1.578,0.0005538118465479121
1.579,0.0005539887080195432
1.58,0.0005541650813836317
1.581,0.0005543409663564939
1.582,0.0005545163626553364
1.583,0.0005546912699982556
1.584,0.0005548656881042387
1.585,0.0005550396166931626
1.586,0.0005552130554857949
1.587,0.0005553860042037927
1.588,0.0005555584625697045
1.589,0.0005557304303069675
1.59,0.0005559019071399103
1.591,0.0005560728927937516
1.592,0.0005562433869945993
1.593,0.0005564133894694529
1.594,0.0005565828999462016
1.595,0.0005567519181536238
1.596,0.0005569204438213898
1.597,0.0005570884766800592
1.598,0.0005572560164610819
1.599,0.0005574230628967979
1.6,0.0005575896157204378
1.601,0.0005577556746661221
1.602,0.0005579212394688616
1.603,0.0005580863098645571
1.604,0.0005582508855900004
1.605,0.0005584149663828725
1.606,0.0005585785519817453
1.607,0.0005587416421260807
1.608,0.0005589042365562305
1.609,0.0005590663350134374
1.61,0.0005592279372398341
1.611,0.0005593890429784428
1.612,0.0005595496519731768
1.613,0.0005597097639688394
1.614,0.000559869378711124
1.615,0.000560028495946614
1.616,0.0005601871154227835
1.617,0.0005603452368879964
1.618,0.0005605028600915072
1.619,0.0005606599847834602
1.62,0.0005608166107148902
1.621,0.000560972737637722
1.622,0.0005611283653047711
1.623,0.0005612834934697424
1.624,0.0005614381218872321
1.625,0.0005615922503127254
1.6260000000000001,0.0005617458785025986
1.627,0.000561899006214118
1.6280000000000001,0.00056205163320544
1.629,0.0005622037592356111
1.6300000000000001,0.0005623553840645686
1.631,0.0005625065074531391
1.6320000000000001,0.0005626571291630404
1.633,0.0005628072489568798
1.6340000000000001,0.000562956866598155
1.635,0.0005631059818512542
1.6360000000000001,0.0005632545944814555
1.637,0.0005634027042549273
1.6380000000000001,0.0005635503109387281
1.639,0.0005636974143008068
1.6400000000000001,0.0005638440141100026
1.641,0.0005639901101360449
1.6420000000000001,0.0005641357021495529
1.643,0.0005642807899220363
1.6440000000000001,0.0005644253732258953
1.645,0.0005645694518344197
1.6460000000000001,0.0005647130255217904
1.647,0.0005648560940630773
1.6480000000000001,0.000564998657234242
1.649,0.0005651407148121347
1.6500000000000001,0.0005652822665744971
1.651,0.0005654233122999609
1.6520000000000001,0.0005655638517680471
1.653,0.0005657038847591679
1.6540000000000001,0.0005658434110546256
1.655,0.0005659824304366122
1.6560000000000001,0.0005661209426882105
1.657,0.0005662589475933931
1.6580000000000001,0.0005663964449370231
1.659,0.0005665334345048535
1.6600000000000001,0.0005666699160835278
1.661,0.0005668058894605797
1.6620000000000001,0.000566941354424433
1.663,0.0005670763107644016
1.6640000000000001,0.0005672107582706902
1.665,0.0005673446967343926
1.666,0.0005674781259474944
1.667,0.0005676110457028696
1.668,0.0005677434557942842
1.669,0.0005678753560163928
1.67,0.0005680067461647413
1.671,0.0005681376260357659
1.672,0.0005682679954267919
1.673,0.0005683978541360359
1.674,0.0005685272019626045
1.675,0.0005686560387064939
1.676,0.0005687843641685914
1.677,0.0005689121781506739
1.678,0.0005690394804554087
1.679,0.0005691662708863537
1.68,0.000569292549247956
1.681,0.0005694183153455541
1.682,0.0005695435689853759
1.683,0.0005696683099745399
1.684,0.0005697925381210546
1.685,0.0005699162532338193
1.686,0.0005700394551226224
1.687,0.0005701621435981437
1.688,0.0005702843184719522
1.689,0.0005704059795565081
1.69,0.0005705271266651608
1.691,0.0005706477596121508
1.692,0.0005707678782126084
1.693,0.0005708874822825542
1.694,0.000571006571638899
1.695,0.0005711251460994435
1.696,0.0005712432054828792
1.697,0.0005713607496087878
1.698,0.0005714777782976403
1.699,0.000571594291370799
1.7,0.000571710288650516
1.701,0.0005718257699599335
1.702,0.000571940735123084
1.703,0.0005720551839648903
1.704,0.0005721691163111655
1.705,0.0005722825319886127
1.706,0.0005723954308248249
1.707,0.0005725078126482863
1.708,0.0005726196772883703
1.709,0.0005727310245753412
1.71,0.0005728418543403532
1.711,0.0005729521664154507
1.712,0.0005730619606335684
1.713,0.0005731712368285314
1.714,0.0005732799948350544
1.715,0.0005733882344887434
1.716,0.0005734959556260936
1.717,0.0005736031580844906
1.718,0.0005737098417022106
1.719,0.0005738160063184199
1.72,0.0005739216517731748
1.721,0.0005740267779074219
1.722,0.0005741313845629983
1.723,0.0005742354715826309
1.724,0.000574339038809937
1.725,0.0005744420860894244
1.726,0.0005745446132664903
1.727,0.0005746466201874231
1.728,0.0005747481066994009
1.729,0.0005748490726504916
1.73,0.0005749495178896546
1.731,0.0005750494422667383
1.732,0.0005751488456324817
1.733,0.0005752477278385143
1.734,0.0005753460887373552
1.735,0.0005754439281824142
1.736,0.0005755412460279915
1.737,0.000575638042129277
1.738,0.0005757343163423513
1.739,0.0005758300685241844
1.74,0.0005759252985326375
1.741,0.0005760200062264615
1.742,0.0005761141914652977
1.743,0.0005762078541096774
1.744,0.000576300994021022
1.745,0.000576393611061644
1.746,0.000576485705094745
1.747,0.0005765772759844174
1.748,0.0005766683235956438
1.749,0.0005767588477942968
1.75,0.0005768488484471394
1.7510000000000001,0.0005769383254218249
1.752,0.0005770272785868963
1.7530000000000001,0.0005771157078117877
1.754,0.0005772036129668226
1.7550000000000001,0.0005772909939232148
1.756,0.0005773778505530694
1.7570000000000001,0.0005774641827293799
1.758,0.0005775499903260315
1.7590000000000001,0.0005776352732177991
1.76,0.0005777200312803474
1.7610000000000001,0.0005778042643902325
1.762,0.0005778879724248992
1.7630000000000001,0.0005779711552626837
1.764,0.0005780538127828119
1.7650000000000001,0.0005781359448653998
1.766,0.0005782175513914541
1.7670000000000001,0.0005782986322428713
1.768,0.0005783791873024382
1.7690000000000001,0.0005784592164538322
1.77,0.0005785387195816201
1.7710000000000001,0.0005786176965712599
1.772,0.0005786961473090988
1.7730000000000001,0.000578774071682375
1.774,0.000578851469579217
1.7750000000000001,0.0005789283408886424
1.776,0.0005790046855005605
1.7770000000000001,0.0005790805033057699
1.778,0.0005791557941959594
1.7790000000000001,0.0005792305580637085
1.78,0.0005793047948024867
1.7810000000000001,0.0005793785043066533
1.782,0.0005794516864714586
1.7830000000000001,0.0005795243411930425
1.784,0.0005795964683684354
1.7850000000000001,0.000579668067895558
1.786,0.0005797391396732206
1.7870000000000001,0.0005798096836011247
1.788,0.0005798796995798611
1.7890000000000001,0.0005799491875109116
1.79,0.0005800181472966475
1.7910000000000001,0.0005800865788403305
1.792,0.0005801544820461137
1.793,0.0005802218568190379
1.794,0.0005802887030650366
1.795,0.0005803550206909322
1.796,0.0005804208096044376
1.797,0.0005804860697141562
1.798,0.000580550800929581
1.799,0.0005806150031610958
1.8,0.0005806786763199747
1.801,0.000580741820318381
1.802,0.0005808044350693694
1.803,0.0005808665204868845
1.804,0.0005809280764857605
1.805,0.0005809891029817228
1.806,0.0005810495998913861
1.807,0.0005811095671322558
1.808,0.0005811690046227277
1.809,0.000581227912282087
1.81,0.0005812862900305107
1.811,0.0005813441377890637
1.812,0.0005814014554797034
1.813,0.000581458243025276
1.814,0.0005815145003495182
1.815,0.0005815702273770576
1.816,0.000581625424033411
1.817,0.0005816800902449859
1.818,0.0005817342259390805
1.819,0.0005817878310438822
1.82,0.0005818409054884693
1.821,0.0005818934492028104
1.822,0.0005819454621177635
1.823,0.000581996944165078
1.824,0.0005820478952773926
1.825,0.0005820983153882367
1.826,0.0005821482044320297
1.827,0.0005821975623440808
1.828,0.000582246389060591
1.829,0.0005822946845186492
1.83,0.0005823424486562362
1.831,0.0005823896814122229
1.832,0.0005824363827263692
1.833,0.000582482552539327
1.834,0.000582528190792637
1.835,0.0005825732974287305
1.836,0.0005826178723909294
1.837,0.0005826619156234453
1.838,0.0005827054270713804
1.839,0.0005827484066807271
1.84,0.0005827908543983673
1.841,0.0005828327701720746
1.842,0.0005828741539505111
1.843,0.0005829150056832306
1.844,0.000582955325320676
1.845,0.0005829951128141807
1.846,0.0005830343681159694
1.847,0.0005830730911791551
1.848,0.0005831112819577425
1.849,0.0005831489404066261
1.85,0.0005831860664815902
1.851,0.0005832226601393101
1.852,0.0005832587213373507
1.853,0.0005832942500341672
1.854,0.0005833292461891056
1.855,0.0005833637097624007
1.856,0.0005833976407151794
1.857,0.0005834310390094576
1.858,0.0005834639046081414
1.859,0.0005834962374750279
1.86,0.0005835280375748032
1.861,0.0005835593048730452
1.862,0.0005835900393362207
1.863,0.0005836202409316871
1.864,0.0005836499096276926
1.865,0.0005836790453933744
1.866,0.0005837076481987611
1.867,0.0005837357180147712
1.868,0.0005837632548132125
1.869,0.0005837902585667847
1.87,0.0005838167292490762
1.871,0.0005838426668345664
1.872,0.000583868071298625
1.873,0.0005838929426175111
1.874,0.0005839172807683751
1.875,0.0005839410857292568
1.8760000000000001,0.0005839643574790864
1.877,0.000583987095997685
1.8780000000000001,0.0005840093012657625
1.879,0.0005840309732649205
1.8800000000000001,0.0005840521119776496
1.881,0.0005840727173873318
1.8820000000000001,0.0005840927894782387
1.883,0.0005841123282355314
1.8840000000000001,0.0005841313336452627
1.885,0.0005841498056943746
1.8860000000000001,0.0005841677443706992
1.887,0.0005841851496629597
1.8880000000000001,0.0005842020215607689
1.889,0.0005842183600546296
1.8900000000000001,0.000584234165135936
1.891,0.0005842494367969705
1.8920000000000001,0.0005842641750309077
1.893,0.0005842783798318114
1.8940000000000001,0.0005842920511946355
1.895,0.0005843051891152249
1.8960000000000001,0.0005843177935903138
1.897,0.0005843298646175274
1.8980000000000001,0.0005843414021953807
1.899,0.0005843524063232788
1.9000000000000001,0.0005843628770015178
1.901,0.0005843728142312827
1.9020000000000001,0.0005843822180146497
1.903,0.000584391088354585
1.9040000000000001,0.0005843994252549452
1.905,0.0005844072287204765
1.9060000000000001,0.0005844144987568162
1.907,0.0005844212353704906
1.9080000000000001,0.000584427438568918
1.909,0.0005844331083604048
1.9100000000000001,0.0005844382447541494
1.911,0.0005844428477602395
1.9120000000000001,0.0005844469173896529
1.913,0.0005844504536542586
1.9140000000000001,0.0005844534565668143
1.915,0.0005844559261409696
1.9160000000000001,0.000584457862391263
1.917,0.0005844592653331239
1.9180000000000001,0.0005844601349828716
1.919,0.0005844604713577157
1.92,0.0005844602744757562
1.921,0.0005844595443559834
1.922,0.0005844582810182772
1.923,0.000584456484483408
1.924,0.0005844541547730369
1.925,0.0005844512919097147
1.926,0.0005844478959168825
1.927,0.0005844439668188717
1.928,0.000584439504640904
1.929,0.0005844345094090912
1.93,0.0005844289811504349
1.931,0.0005844229198928284
1.932,0.0005844163256650529
1.933,0.0005844091984967817
1.934,0.0005844015384185779
1.935,0.0005843933454618938
1.936,0.0005843846196590737
1.937,0.0005843753610433507
1.938,0.0005843655696488485
1.939,0.0005843552455105814
1.94,0.0005843443886644531
1.941,0.0005843329991472585
1.942,0.0005843210769966821
1.943,0.0005843086222512985
1.944,0.000584295634950573
1.945,0.0005842821151348606
1.946,0.0005842680628454074
1.947,0.0005842534781243485
1.948,0.0005842383610147099
1.949,0.0005842227115604085
1.95,0.0005842065298062495
1.951,0.0005841898157979304
1.952,0.0005841725695820377
1.953,0.0005841547912060482
1.954,0.0005841364807183297
1.955,0.0005841176381681392
1.956,0.0005840982636056241
1.957,0.0005840783570818232
1.958,0.0005840579186486637
1.959,0.0005840369483589646
1.96,0.000584015446266434
1.961,0.0005839934124256708
1.962,0.0005839708468921642
1.963,0.0005839477497222926
1.964,0.0005839241209733265
1.965,0.0005838999607034247
1.966,0.0005838752689716374
1.967,0.0005838500458379049
1.968,0.0005838242913630567
1.969,0.0005837980056088143
1.97,0.0005837711886377876
1.971,0.0005837438405134777
1.972,0.0005837159613002761
1.973,0.0005836875510634638
1.974,0.0005836586098692127
1.975,0.0005836291377845843
1.976,0.0005835991348775304
1.977,0.000583568601216894
1.978,0.0005835375368724071
1.979,0.0005835059419146923
1.98,0.0005834738164152626
1.981,0.0005834411604465205
1.982,0.0005834079740817604
1.983,0.0005833742573951654
1.984,0.0005833400104618088
1.985,0.0005833052333576555
1.986,0.0005832699261595585
1.987,0.0005832340889452631
1.988,0.0005831977217934036
1.989,0.0005831608247835048
1.99,0.0005831233979959818
1.991,0.0005830854415121401
1.992,0.0005830469554141749
1.993,0.0005830079397851721
1.994,0.0005829683947091073
1.995,0.0005829283202708472
1.996,0.0005828877165561473
1.997,0.0005828465836516549
1.998,0.0005828049216449068
1.999,0.0005827627306243296
2.0,0.0005827200106792407
2.001,0.0005826767618998476
2.0020000000000002,0.0005826329843772479
2.003,0.0005825886782034297
2.004,0.0005825438434712703
2.005,0.0005824984802745391
2.0060000000000002,0.0005824525887078942
2.007,0.0005824061688668838
2.008,0.0005823592208479477
2.009,0.0005823117447484148
2.0100000000000002,0.0005822637406665042
2.011,0.0005822152087013258
2.012,0.0005821661489528793
2.013,0.0005821165615220548
2.0140000000000002,0.0005820664465106324
2.015,0.000582015804021283
2.016,0.0005819646341575671
2.017,0.0005819129370239355
2.0180000000000002,0.0005818607127257295
2.019,0.00058180796136918
2.02,0.000581754683061409
2.021,0.0005817008779104285
2.0220000000000002,0.0005816465460251398
2.023,0.000581591687515336
2.024,0.0005815363024916989
2.025,0.0005814803910658009
2.0260000000000002,0.000581423953350106
2.027,0.0005813669894579659
2.028,0.000581309499503625
2.029,0.0005812514836022163
2.0300000000000002,0.0005811929418697634
2.031,0.0005811338744231811
2.032,0.0005810742813802724
2.033,0.0005810141628597322
2.0340000000000003,0.0005809535189811454
2.035,0.0005808923498649865
2.036,0.000580830655632621
2.037,0.0005807684364063033
2.0380000000000003,0.0005807056923091796
2.039,0.0005806424234652854
2.04,0.0005805786299995465
2.041,0.0005805143120377792
2.0420000000000003,0.0005804494697066893
2.043,0.0005803841031338739
2.044,0.0005803182124478203
2.045,0.0005802517977779043
2.0460000000000003,0.0005801848592543938
2.047,0.0005801173970084462
2.048,0.000580049411172109
2.049,0.0005799809018783202
2.05,0.000579911869260908
2.051,0.0005798423134545901
2.052,0.0005797722345949757
2.053,0.0005797016328185629
2.054,0.0005796305082627412
2.055,0.0005795588610657898
2.056,0.0005794866913668777
2.057,0.0005794139993060646
2.058,0.0005793407850243006
2.059,0.0005792670486634252
2.06,0.0005791927903661693
2.061,0.0005791180102761525
2.062,0.0005790427085378866
2.063,0.0005789668852967715
2.064,0.000578890540699099
2.065,0.0005788136748920503
2.066,0.0005787362880236964
2.067,0.000578658380243
2.068,0.0005785799516998121
2.069,0.0005785010025448756
2.07,0.0005784215329298229
2.071,0.0005783415430071761
2.072,0.0005782610329303487
2.073,0.0005781800028536437
2.074,0.0005780984529322537
2.075,0.0005780163833222631
2.076,0.0005779337941806451
2.077,0.0005778506856652639
2.078,0.0005777670579348733
2.079,0.0005776829111491177
2.08,0.0005775982454685327
2.081,0.0005775130610545416
2.082,0.0005774273580694601
2.083,0.0005773411366764941
2.084,0.0005772543970397378
2.085,0.0005771671393241779
2.086,0.0005770793636956901
2.087,0.0005769910703210399
2.088,0.0005769022593678845
2.089,0.0005768129310047696
2.09,0.0005767230854011328
2.091,0.0005766327227273003
2.092,0.0005765418431544898
2.093,0.0005764504468548092
2.094,0.0005763585340012546
2.095,0.0005762661047677151
2.096,0.0005761731593289687
2.097,0.0005760796978606829
2.098,0.0005759857205394173
2.099,0.0005758912275426197
2.1,0.0005757962190486296
2.101,0.0005757006952366758
2.102,0.0005756046562868778
2.103,0.0005755081023802454
2.104,0.0005754110336986779
2.105,0.0005753134504249658
2.106,0.0005752153527427893
2.107,0.0005751167408367186
2.108,0.0005750176148922144
2.109,0.000574917975095628
2.11,0.0005748178216341998
2.111,0.0005747171546960619
2.112,0.0005746159744702352
2.113,0.0005745142811466318
2.114,0.0005744120749160538
2.115,0.0005743093559701926
2.116,0.000574206124501632
2.117,0.0005741023807038435
2.118,0.00057399812477119
2.119,0.0005738933568989251
2.12,0.0005737880772831919
2.121,0.0005736822861210237
2.122,0.0005735759836103444
2.123,0.0005734691699499679
2.124,0.0005733618453395982
2.125,0.0005732540099798296
2.126,0.0005731456640721474
2.1270000000000002,0.0005730368078189252
2.128,0.0005729274414234289
2.129,0.000572817565089814
2.13,0.000572707179023125
2.1310000000000002,0.0005725962834292978
2.132,0.0005724848785151589
2.133,0.0005723729644884237
2.134,0.0005722605415576992
2.1350000000000002,0.0005721476099324813
2.136,0.0005720341698231573
2.137,0.0005719202214410037
2.138,0.0005718057649981878
2.1390000000000002,0.0005716908007077673
2.14,0.0005715753287836893
2.141,0.0005714593494407918
2.142,0.0005713428628948036
2.1430000000000002,0.0005712258693623418
2.144,0.0005711083690609158
2.145,0.0005709903622089238
2.146,0.0005708718490256547
2.1470000000000002,0.0005707528297312886
2.148,0.0005706333045468933
2.149,0.0005705132736944293
2.15,0.0005703927373967465
2.1510000000000002,0.0005702716958775842
2.152,0.000570150149361574
2.153,0.0005700280980742348
2.154,0.0005699055422419777
2.1550000000000002,0.0005697824820921042
2.156,0.0005696589178528045
2.157,0.0005695348497531609
2.158,0.0005694102780231444
2.1590000000000003,0.0005692852028936164
2.16,0.0005691596245963295
2.161,0.0005690335433639253
2.162,0.000568906959429937
2.1630000000000003,0.0005687798730287861
2.164,0.0005686522843957863
2.165,0.0005685241937671408
2.166,0.0005683956013799418
2.1670000000000003,0.0005682665074721739
2.168,0.0005681369122827101
2.169,0.0005680068160513145
2.17,0.0005678762190186417
2.1710000000000003,0.0005677451214262354
2.172,0.0005676135235165304
2.173,0.0005674814255328519
2.174,0.0005673488277194138
2.1750000000000003,0.0005672157303213227
2.176,0.0005670821335845729
2.177,0.0005669480377560505
2.178,0.000566813443083532
2.179,0.0005666783498156825
2.18,0.0005665427582020585
2.181,0.0005664066684931069
2.182,0.0005662700809401641
2.183,0.0005661329957954576
2.184,0.0005659954133121037
2.185,0.0005658573337441108
2.186,0.0005657187573463758
2.187,0.0005655796843746863
2.188,0.0005654401150857214
2.189,0.0005653000497370484
2.19,0.0005651594885871258
2.191,0.0005650184318953031
2.192,0.0005648768799218181
2.193,0.0005647348329278012
2.194,0.0005645922911752708
2.195,0.0005644492549271365
2.196,0.0005643057244471988
2.197,0.0005641617000001466
2.198,0.0005640171818515614
2.199,0.0005638721702679127
2.2,0.0005637266655165608
2.201,0.000563580667865758
2.202,0.0005634341775846443
2.203,0.000563287194943251
2.204,0.0005631397202125003
2.205,0.0005629917536642031
2.206,0.0005628432955710618
2.207,0.0005626943462066688
2.208,0.0005625449058455059
2.209,0.0005623949747629465
2.21,0.0005622445532352524
2.211,0.0005620936415395774
2.212,0.0005619422399539643
2.213,0.0005617903487573471
2.214,0.0005616379682295494
2.215,0.0005614850986512843
2.216,0.0005613317403041566
2.217,0.0005611778934706607
2.218,0.000561023558434181
2.219,0.0005608687354789924
2.22,0.0005607134248902595
2.221,0.0005605576269540379
2.222,0.000560401341957273
2.223,0.0005602445701878002
2.224,0.0005600873119343456
2.225,0.0005599295674865251
2.226,0.0005597713371348449
2.227,0.000559612621170702
2.228,0.0005594534198863825
2.229,0.0005592937335750637
2.23,0.0005591335625308132
2.231,0.0005589729070485872
2.232,0.0005588117674242345
2.233,0.0005586501439544922
2.234,0.0005584880369369886
2.235,0.000558325446670242
2.236,0.0005581623734536602
2.237,0.0005579988175875429
2.238,0.0005578347793730786
2.239,0.0005576702591123456
2.24,0.0005575052571083147
2.241,0.0005573397736648444
2.242,0.0005571738090866852
2.243,0.0005570073636794765
2.244,0.0005568404377497485
2.245,0.000556673031604922
2.246,0.0005565051455533069
2.247,0.0005563367799041051
2.248,0.0005561679349674069
2.249,0.0005559986110541937
2.25,0.0005558288084763379
2.251,0.0005556585275465997
2.2520000000000002,0.000555487768578632
2.253,0.0005553165318869768
2.254,0.0005551448177870664
2.255,0.0005549726265952234
2.2560000000000002,0.0005547999586286607
2.257,0.0005546268142054814
2.258,0.0005544531936446785
2.259,0.0005542790972661352
2.2600000000000002,0.0005541045253906261
2.261,0.0005539294783398139
2.262,0.0005537539564362535
2.263,0.0005535779600033895
2.2640000000000002,0.0005534014893655553
2.265,0.0005532245448479767
2.266,0.0005530471267767684
2.267,0.0005528692354789355
2.2680000000000002,0.0005526908712823734
2.269,0.0005525120345158677
2.27,0.0005523327255090944
2.271,0.0005521529445926198
2.2720000000000002,0.0005519726920978991
2.273,0.0005517919683572803
2.274,0.0005516107737039988
2.275,0.0005514291084721823
2.2760000000000002,0.0005512469729968479
2.277,0.0005510643676139027
2.278,0.0005508812926601444
2.279,0.000550697748473261
2.2800000000000002,0.00055051373539183
2.281,0.0005503292537553203
2.282,0.0005501443039040895
2.283,0.0005499588861793872
2.2840000000000003,0.0005497730009233516
2.285,0.0005495866484790124
2.286,0.0005493998291902885
2.287,0.0005492125434019892
2.2880000000000003,0.000549024791459815
2.289,0.000548836573710355
2.29,0.0005486478905010896
2.291,0.00054845874218039
2.2920000000000003,0.0005482691290975162
2.293,0.0005480790516026191
2.294,0.0005478885100467399
2.295,0.0005476975047818093
2.2960000000000003,0.0005475060361606496
2.297,0.0005473141045369718
2.298,0.0005471217102653784
2.299,0.0005469288537013616
2.3000000000000003,0.0005467355352013026
2.301,0.0005465417551224754
2.302,0.0005463475138230423
2.303,0.0005461528116620561
2.3040000000000003,0.0005459576489994602
2.305,0.0005457620261960877
2.306,0.0005455659436136633
2.307,0.0005453694016147997
2.308,0.0005451724005630012
2.309,0.0005449749408226629
2.31,0.0005447770227590683
2.311,0.0005445786467383929
2.312,0.0005443798131277017
2.313,0.0005441805222949487
2.314,0.0005439807746089812
2.315,0.0005437805704395334
2.316,0.0005435799101572312
2.317,0.0005433787941335917
2.318,0.0005431772227410199
2.319,0.0005429751963528133
2.32,0.0005427727153431578
2.321,0.0005425697800871309
2.322,0.0005423663909606993
2.323,0.0005421625483407205
2.324,0.0005419582526049419
2.325,0.0005417535041320022
2.326,0.000541548303301428
2.327,0.0005413426504936391
2.328,0.0005411365460899425
2.329,0.0005409299904725375
2.33,0.0005407229840245129
2.331,0.0005405155271298476
2.332,0.0005403076201734116
2.333,0.0005400992635409636
2.334,0.000539890457619154
2.335,0.0005396812027955222
2.336,0.0005394714994584982
2.337,0.0005392613479974034
2.338,0.0005390507488024476
2.339,0.0005388397022647314
2.34,0.000538628208776247
2.341,0.0005384162687298745
2.342,0.0005382038825193861
2.343,0.0005379910505394434
2.344,0.0005377777731855974
2.345,0.0005375640508542918
2.346,0.0005373498839428572
2.347,0.0005371352728495178
2.348,0.0005369202179733855
2.349,0.000536704719714463
2.35,0.0005364887784736444
2.351,0.0005362723946527128
2.352,0.0005360555686543413
2.353,0.0005358383008820946
2.354,0.000535620591740426
2.355,0.0005354024416346807
2.356,0.0005351838509710926
2.357,0.0005349648201567864
2.358,0.0005347453495997773
2.359,0.0005345254397089702
2.36,0.0005343050908941605
2.361,0.0005340843035660343
2.362,0.000533863078136167
2.363,0.0005336414150170248
2.364,0.0005334193146219638
2.365,0.0005331967773652307
2.366,0.0005329738036619618
2.367,0.0005327503939281843
2.368,0.0005325265485808155
2.369,0.000532302268037662
2.37,0.0005320775527174224
2.371,0.0005318524030396839
2.372,0.0005316268194249242
2.373,0.0005314008022945122
2.374,0.0005311743520707054
2.375,0.0005309474691766532
2.376,0.0005307201540363946
2.3770000000000002,0.0005304924070748581
2.378,0.0005302642287178636
2.379,0.00053003561939212
2.38,0.0005298065795252271
2.3810000000000002,0.0005295771095456754
2.382,0.0005293472098828444
2.383,0.0005291168809670049
2.384,0.0005288861232293175
2.3850000000000002,0.0005286549371018323
2.386,0.0005284233230174917
2.387,0.0005281912814101256
2.388,0.000527958812714456
2.3890000000000002,0.0005277259173660952
2.39,0.000527492595801544
2.391,0.0005272588484581952
2.392,0.0005270246757743313
2.3930000000000002,0.000526790078189124
2.394,0.0005265550561426368
2.395,0.0005263196100758224
2.396,0.0005260837404305241
2.3970000000000002,0.0005258474476494751
2.398,0.0005256107321762991
2.399,0.000525373594455511
2.4,0.0005251360349325133
2.4010000000000002,0.0005248980540536007
2.402,0.0005246596522659583
2.403,0.0005244208300176602
2.404,0.0005241815877576722
2.4050000000000002,0.0005239419259358481
2.406,0.0005237018450029347
2.407,0.0005234613454105668
2.408,0.0005232204276112699
2.4090000000000003,0.000522979092058461
2.41,0.0005227373392064453
2.411,0.0005224951695104197
2.412,0.0005222525834264716
2.4130000000000003,0.0005220095814115768
2.414,0.0005217661639236029
2.415,0.0005215223314213076
2.416,0.0005212780843643371
2.4170000000000003,0.0005210334232132309
2.418,0.0005207883484294157
2.419,0.0005205428604752104
2.42,0.0005202969598138233
2.4210000000000003,0.0005200506469093523
2.422,0.0005198039222267878
2.423,0.000519556786232007
2.424,0.0005193092393917803
2.4250000000000003,0.0005190612821737673
2.426,0.0005188129150465171
2.427,0.0005185641384794704
2.428,0.0005183149529429567
2.4290000000000003,0.0005180653589081962
2.43,0.0005178153568473002
2.431,0.0005175649472332688
2.432,0.000517314130539994
2.433,0.0005170629072422559
2.434,0.0005168112778157261
2.435,0.0005165592427369677
2.436,0.0005163068024834306
2.437,0.0005160539575334577
2.438,0.000515800708366282
2.439,0.0005155470554620252
2.44,0.0005152929993017008
2.441,0.0005150385403672108
2.442,0.000514783679141349
2.443,0.0005145284161077988
2.444,0.0005142727517511338
2.445,0.0005140166865568176
2.446,0.0005137602210112044
2.447,0.000513503355601538
2.448,0.0005132460908159546
2.449,0.0005129884271434768
2.45,0.0005127303650740205
2.451,0.000512471905098391
2.452,0.0005122130477082833
2.453,0.0005119537933962832
2.454,0.0005116941426558662
2.455,0.0005114340959813991
2.456,0.0005111736538681371
2.457,0.0005109128168122268
2.458,0.0005106515853107059
2.459,0.0005103899598614998
2.46,0.0005101279409634266
2.461,0.0005098655291161934
2.462,0.0005096027248203978
2.463,0.0005093395285775274
2.464,0.0005090759408899602
2.465,0.0005088119622609641
2.466,0.0005085475931946983
2.467,0.0005082828341962102
2.468,0.0005080176857714399
2.469,0.000507752148427216
2.47,0.0005074862226712567
2.471,0.0005072199090121737
2.472,0.0005069532079594647
2.473,0.0005066861200235204
2.474,0.0005064186457156214
2.475,0.0005061507855479367
2.476,0.0005058825400335287
2.477,0.0005056139096863467
2.478,0.0005053448950212321
2.479,0.0005050754965539167
2.48,0.0005048057148010209
2.481,0.0005045355502800575
2.482,0.0005042650035094274
2.483,0.0005039940750084231
2.484,0.0005037227652972275
2.485,0.0005034510748969119
2.486,0.0005031790043294399
2.487,0.0005029065541176643
2.488,0.0005026337247853283
2.489,0.0005023605168570653
2.49,0.0005020869308583984
2.491,0.0005018129673157423
2.492,0.0005015386267564007
2.493,0.0005012639097085672
2.494,0.0005009888167013273
2.495,0.0005007133482646548
2.496,0.0005004375049294153
2.497,0.0005001612872273641
2.498,0.0004998846956911452
2.499,0.0004996077308542961
2.5,0.0004993303932512411
2.501,0.0004990526834172969
2.5020000000000002,0.0004987746018886693
2.503,0.000498496149202455
2.504,0.0004982173258966407
2.505,0.0004979381325101031
2.5060000000000002,0.0004976585695826086
2.507,0.0004973786376548166
2.508,0.0004970983372682724
2.509,0.0004968176689654144
2.5100000000000002,0.0004965366332895714
2.511,0.0004962552307849606
2.512,0.0004959734619966909
2.513,0.0004956913274707605
2.5140000000000002,0.0004954088277540585
2.515,0.0004951259633943642
2.516,0.000494842734940346
2.517,0.0004945591429415644
2.5180000000000002,0.0004942751879484678
2.519,0.0004939908705123973
2.52,0.0004937061911855835
2.521,0.0004934211505211448
2.5220000000000002,0.000493135749073093
2.523,0.0004928499873963289
2.524,0.000492563866046643
2.525,0.0004922773855807174
2.5260000000000002,0.0004919905465561223
2.527,0.0004917033495313208
2.528,0.0004914157950656635
2.529,0.0004911278837193926
2.5300000000000002,0.0004908396160536411
2.531,0.0004905509926304308
2.532,0.000490262014012675
2.533,0.0004899726807641769
2.5340000000000003,0.000489682993449628
2.535,0.0004893929526346136
2.536,0.0004891025588856067
2.537,0.0004888118127699705
2.5380000000000003,0.0004885207148559601
2.539,0.0004882292657127185
2.54,0.00048793746591028136
2.541,0.0004876453160195726
2.5420000000000003,0.000487352816612407
2.543,0.00048705996826149065
2.544,0.00048676677154041784
2.545,0.0004864732270236743
2.5460000000000003,0.00048617933528663667
2.547,0.0004858850969055697
2.548,0.00048559051245763063
2.549,0.0004852955825208657
2.5500000000000003,0.0004850003076742105
2.551,0.0004847046884974934
2.552,0.00048440872557143033
2.553,0.0004841124194776291
2.5540000000000003,0.0004838157707985871
2.555,0.00048351878011769207
2.556,0.0004832214480192225
2.557,0.00048292377508834546
2.5580000000000003,0.00048262576191111946
2.559,0.00048232740907449423
2.56,0.0004820287171663073
2.561,0.0004817296867752888
2.562,0.00048143031849105767
2.563,0.0004811306129041222
2.564,0.0004808305706058839
2.565,0.00048053019218863074
2.566,0.00048022947824554477
2.567,0.00047992842937069467
2.568,0.000479627046159042
2.569,0.0004793253292064379
2.57,0.00047902327910962167
2.571,0.0004787208964662259
2.572,0.000478418181874772
2.573,0.0004781151359346707
2.574,0.0004778117592462245
2.575,0.0004775080524106253
2.576,0.00047720401602995585
2.577,0.00047689965070718803
2.578,0.0004765949570461846
2.579,0.0004762899356516989
2.58,0.0004759845871293732
2.581,0.000475678912085742
2.582,0.00047537291112822896
2.583,0.0004750665848651457
2.584,0.0004747599339056991
2.585,0.00047445295885998224
2.586,0.00047414566033897895
2.587,0.00047383803895456475
2.588,0.00047353009531950386
2.589,0.000473221830047452
2.59,0.00047291324375295433
2.591,0.00047260433705144584
2.592,0.0004722951105592535
2.593,0.0004719855648935917
2.594,0.00047167570067256756
2.595,0.00047136551851517807
2.596,0.00047105501904130804
2.597,0.00047074420287173644
2.598,0.0004704330706281294
2.599,0.00047012162293304336
2.6,0.000469809860409927
2.601,0.00046949778368311746
2.602,0.000469185393377843
2.603,0.00046887269012022145
2.604,0.000468559674537261
2.605,0.00046824634725686147
2.606,0.0004679327089078098
2.607,0.00046761876011978617
2.608,0.00046730450152336004
2.609,0.00046698993374998945
2.61,0.0004666750574320258
2.611,0.0004663598732027079
2.612,0.00046604438169616603
2.613,0.00046572858354742083
2.614,0.0004654124793923824
2.615,0.00046509606986785203
2.616,0.00046477935561151963
2.617,0.00046446233726196723
2.618,0.0004641450154586671
2.619,0.00046382739084197867
2.62,0.0004635094640531557
2.621,0.00046319123573433933
2.622,0.00046287270652856186
2.623,0.0004625538770797462
2.624,0.00046223474803270447
2.625,0.0004619153200331401
2.626,0.0004615955937276462
2.6270000000000002,0.00046127556976370554
2.628,0.0004609552487896925
2.629,0.0004606346314548703
2.63,0.00046031371840939253
2.6310000000000002,0.0004599925103043051
2.632,0.00045967100779154067
2.633,0.0004593492115239248
2.634,0.0004590271221551727
2.6350000000000002,0.0004587047403398881
2.636,0.0004583820667335676
2.637,0.00045805910199259593
2.638,0.00045773584677424943
2.6390000000000002,0.0004574123017366934
2.64,0.0004570884675389852
2.641,0.00045676434484106984
2.642,0.00045643993430378473
2.6430000000000002,0.00045611523658885635
2.644,0.00045579025235890165
2.645,0.00045546498227742833
2.646,0.00045513942700883424
2.6470000000000002,0.00045481358721840567
2.648,0.0004544874635723222
2.649,0.000454161056737651
2.65,0.0004538343673823499
2.6510000000000002,0.0004535073961752689
2.652,0.00045318014378614534
2.653,0.00045285261088560903
2.654,0.00045252479814518
2.6550000000000002,0.00045219670623726553
2.656,0.00045186833583516693
2.657,0.00045153968761307416
2.658,0.00045121076224606587
2.6590000000000003,0.00045088156041011397
2.66,0.0004505520827820779
2.661,0.00045022233003970895
2.662,0.0004498923028616481
2.6630000000000003,0.0004495620019274258
2.664,0.0004492314279174645
2.665,0.00044890058151307463
2.666,0.0004485694633964589
2.6670000000000003,0.0004482380742507093
2.668,0.0004479064147598077
2.669,0.0004475744856086272
2.67,0.00044724228748292997
2.6710000000000003,0.0004469098210693684
2.672,0.00044657708705548677
2.673,0.00044624408612971723
2.674,0.0004459108189813846
2.6750000000000003,0.0004455772863007019
2.676,0.00044524348877877343
2.677,0.00044490942710759333
2.678,0.0004445751019800454
2.6790000000000003,0.0004442405140899051
2.68,0.0004439056641318371
2.681,0.0004435705528013954
2.682,0.0004432351807950276
2.6830000000000003,0.0004428995488100671
2.684,0.0004425636575447417
2.685,0.00044222750769816504
2.686,0.00044189109997034415
2.6870000000000003,0.0004415544350621763
2.688,0.00044121751367544705
2.689,0.0004408803365128334
2.69,0.00044054290427790303
2.691,0.00044020521767511176
2.692,0.00043986727740980946
2.693,0.00043952908418823123
2.694,0.00043919063871750586
2.695,0.00043885194170565234
2.696,0.0004385129938615783
2.697,0.0004381737958950819
2.698,0.00043783434851685314
2.699,0.0004374946524384699
